region,gini,n
CO,0.4932564744637338,1868
N,0.6335085644347714,1800
NE,0.5612078031018154,7176
S,0.4067353407111754,4764
SE,0.45061645150797963,6672
